group,gate,mean_branch_output,mean_abs_contribution
preprocessing,0.5135207772254944,-0.2481703758239746,0.265730619430542
reagent,0.5026399493217468,0.305830717086792,0.4030909836292267
flotation,0.539772093296051,0.32441771030426025,0.5249823927879333
