MAE,RMSE,R2
0.017312973737716675,0.022651160990209664,0.5057313442230225
