model_name,split,MAE,RMSE,R2
baseline,test,0.020056946203112602,0.025414288479497744,0.37778276205062866
causal_input,test,0.018729332834482193,0.02416176971554195,0.437602162361145
dml_residual_soft_sensor,test,0.01996205259583295,0.026140170901060925,0.3417315611298739
