model_name,split,MAE,RMSE,R2
baseline,test,0.2557339370250702,0.324633631620493,0.9289439916610718
causal_input,test,0.25984862446784973,0.3282466503976198,0.92735356092453
dml_residual_soft_sensor,test,0.3579674113615348,0.4569178590323753,0.8592364969496006
