variable,role,original_mean,residual_mean,original_std,residual_std,q_model_score
op_reagent_flow,operation_A,4.0602442043434296e-17,-3.050550377383031e-10,1.0,0.32260714879689745,0.8961578384707843
op_air_flow,operation_A,4.0602442043434296e-17,-9.6879059108268e-10,1.0,0.4852631123424265,0.7659856741088558
state_foam_thickness,state_S,0.0,-2.1632154567630123e-10,1.0,0.2519408582686692,0.9366116356758891
state_pH_value,state_S,0.0,8.574008766463034e-10,1.0,0.44293262203687733,0.8045580516088144
state_level_sensor,state_S,0.0,1.086409816077248e-09,0.9999999999999999,0.3526161559840548,0.8759675192642752
