model_name,split,MAE,RMSE,R2
baseline,test,0.02083127200603485,0.02646491144847305,0.32527464628219604
causal_input,test,0.020999062806367874,0.02725523112668821,0.2843743562698364
dml_residual_soft_sensor,test,0.020023586138834294,0.025553341771468476,0.37095517330590855
