MAE,RMSE,R2
0.016414176672697067,0.02116535679836515,0.5684478282928467
