group,gate,mean_branch_output,mean_abs_contribution
flotation,0.4145239293575287,0.8920106887817383,0.5756015777587891
preprocessing,0.3932128846645355,-0.5608144402503967,0.28788265585899353
reagent,0.38284188508987427,0.1363224983215332,0.3437541425228119
