MAE,RMSE,R2
0.2554188370704651,0.32171441535197237,0.9302161931991577
