group,gate,mean_branch_output,mean_abs_contribution
feed,1.0,0.21902412176132202,0.21902412176132202
reagent,1.0,0.2703629732131958,0.3281259536743164
state,1.0,0.04674350470304489,0.1301700621843338
