MAE,RMSE,R2
0.25541502237319946,0.3215175847899736,0.9303015470504761
