group,gate,mean_branch_output,mean_abs_contribution
feed,0.509323239326477,0.41137009859085083,0.2095203399658203
reagent,0.5350610613822937,0.517258882522583,0.3242199122905731
state,0.5127795338630676,0.12240506708621979,0.14721809327602386
