group,gate_value
feed,0.50932324
reagent,0.53506106
state,0.51277953
