MAE,RMSE,R2
0.014742174185812473,0.01880151788245109,0.6594601273536682
