group,gate,mean_branch_output,mean_abs_contribution
process,0.5323969125747681,0.8515861630439758,0.47722601890563965
state,0.5152480006217957,0.2097945213317871,0.17562103271484375
