MAE,RMSE,R2
0.2558397948741913,0.3235075860865972,0.9294360876083374
