model_name,split,MAE,RMSE,R2
causal_input,test,0.018729332834482193,0.02416176971554195,0.437602162361145
