MAE,RMSE,R2
0.2979087829589844,0.36483544987584043,0.910255491733551
