group,gate_value
feed,0.50021964
reagent,0.5304834
state,0.50471485
